INSERT INTO peopleInfo (ID,NID,Name,DOB,gender,country,city,road,status) VALUES (01,'2022000','Ashfaq','10-09-2001','male','Bangladesh','Dhaka','100','Unemployed');
INSERT INTO peopleInfo (ID,NID,Name,DOB,gender,country,city,road,status) VALUES (02,'2022001','Anthony','20-01-1997','male','USA','NewYork','221','Unemployed');
INSERT INTO peopleInfo (ID,NID,Name,DOB,gender,country,city,road,status) VALUES (03,'2022002','Edward','01-04-1991','male','England','Liverpool','442','Unemployed');
INSERT INTO peopleInfo (ID,NID,Name,DOB,gender,country,city,road,status) VALUES (04,'2022003','Stark','10-08-1992','male','Ireland','Dublin','004','Unemployed');
INSERT INTO peopleInfo (ID,NID,Name,DOB,gender,country,city,road,status) VALUES (05,'2022004','Peter','17-06-1998','male','Mexico','Tijuana','224','Unemployed');
INSERT INTO peopleInfo (ID,NID,Name,DOB,gender,country,city,road,status) VALUES (06,'2022005','Sazid','20-01-1998','male','Bangladesh','Khulna','221','Unemployed');
INSERT INTO peopleInfo (ID,NID,Name,DOB,gender,country,city,road,status) VALUES (07,'2022006','Amit','01-04-1991','male','Bangladesh','Dhaka','442','Unemployed');
INSERT INTO peopleInfo (ID,NID,Name,DOB,gender,country,city,road,status) VALUES (08,'2022007','David','08-08-1992','male','Ireland','Dublin','005','Unemployed');
INSERT INTO peopleInfo (ID,NID,Name,DOB,gender,country,city,road,status) VALUES (09,'2022008','Wanda','17-05-1998','female','Mexico','Tijuana','224','Unemployed');


INSERT INTO peopleInfoPhoneNumber (ID,phoneNumber) VALUES (05,'+521248792015');
INSERT INTO peopleInfoPhoneNumber (ID,phoneNumber) VALUES (04,'+3531240087925');
INSERT INTO peopleInfoPhoneNumber (ID,phoneNumber) VALUES (04,'+3530042489925');
INSERT INTO peopleInfoPhoneNumber (ID,phoneNumber) VALUES (05,'+521249872045');
INSERT INTO peopleInfoPhoneNumber (ID,phoneNumber) VALUES (02,'+1298700925');
INSERT INTO peopleInfoPhoneNumber (ID,phoneNumber) VALUES (01,'+8801927262728');
INSERT INTO peopleInfoPhoneNumber (ID,phoneNumber) VALUES (02,'+1248477925');
INSERT INTO peopleInfoPhoneNumber (ID,phoneNumber) VALUES (04,'+3534248958925');
INSERT INTO peopleInfoPhoneNumber (ID,phoneNumber) VALUES (01,'+8801709351188');
INSERT INTO peopleInfoPhoneNumber (ID,phoneNumber) VALUES (03,'+015148117925');
INSERT INTO peopleInfoPhoneNumber (ID,phoneNumber) VALUES (03,'+015148847925');


INSERT INTO company (ID,Name) VALUES (100,'Asustek');
INSERT INTO company (ID,Name) VALUES (101,'MSI');
INSERT INTO company (ID,Name) VALUES (102,'GIGABYTE');
INSERT INTO company (ID,Name) VALUES (103,'INTEL');
INSERT INTO company (ID,Name) VALUES (104,'AMD');
INSERT INTO company (ID,Name) VALUES (105,'MARVEL');
INSERT INTO company (ID,Name) VALUES (106,'BMW');
INSERT INTO company (ID,Name) VALUES (107,'TigerIT');
INSERT INTO company (ID,Name) VALUES (110,'BrainCraft');
INSERT INTO company (ID,Name) VALUES (111,'NULLCompany');

INSERT INTO companyLoc (ID,country,city,road) VALUES (100,'USA','NewYork','707');
INSERT INTO companyLoc (ID,country,city,road) VALUES (102,'USA','Chicago','108');
INSERT INTO companyLoc (ID,country,city,road) VALUES (101,'USA','NewYork','076');
INSERT INTO companyLoc (ID,country,city,road) VALUES (104,'USA','Austin','704');
INSERT INTO companyLoc (ID,country,city,road) VALUES (103,'USA','Boston','669');
INSERT INTO companyLoc (ID,country,city,road) VALUES (105,'USA','Chicago','221');

INSERT INTO companyLoc (ID,country,city,road) VALUES (100,'Mexico','Tijuana','441');
INSERT INTO companyLoc (ID,country,city,road) VALUES (102,'Mexico','Mexico-City','555');
INSERT INTO companyLoc (ID,country,city,road) VALUES (101,'Mexico','Tijuana','104');
INSERT INTO companyLoc (ID,country,city,road) VALUES (100,'Mexico','Mexico-City','057');

INSERT INTO companyLoc (ID,country,city,road) VALUES (100,'Bangladesh','Dhaka','777');
INSERT INTO companyLoc (ID,country,city,road) VALUES (102,'Bangladesh','Dhaka','555');
INSERT INTO companyLoc (ID,country,city,road) VALUES (107,'Bangladesh','Khulna','700');
INSERT INTO companyLoc (ID,country,city,road) VALUES (110,'Bangladesh','Dhaka','102');

INSERT INTO companyLoc (ID,country,city,road) VALUES (100,'England','Liverpool','991');
INSERT INTO companyLoc (ID,country,city,road) VALUES (102,'England','London','104');
INSERT INTO companyLoc (ID,country,city,road) VALUES (101,'England','Liverpool','807');
INSERT INTO companyLoc (ID,country,city,road) VALUES (106,'England','Burmingham','221');

INSERT INTO companyLoc (ID,country,city,road) VALUES (100,'Ireland','Dublin','707');
INSERT INTO companyLoc (ID,country,city,road) VALUES (102,'Ireland','Galway','108');
INSERT INTO companyLoc (ID,country,city,road) VALUES (101,'Irealand','Dublin','076');
INSERT INTO companyLoc (ID,country,city,road) VALUES (102,'Ireland','Dublin','704');
INSERT INTO companyLoc (ID,country,city,road) VALUES (106,'Ireland','Galway','669');


INSERT INTO companyPhoneNumber(ID,phoneNumber) VALUES (100,'+015125472045');
INSERT INTO companyPhoneNumber(ID,phoneNumber) VALUES (100,'+1047895236');
INSERT INTO companyPhoneNumber(ID,phoneNumber) VALUES (100,'+521784021489');
INSERT INTO companyPhoneNumber(ID,phoneNumber) VALUES (100,'+353874692723');
INSERT INTO companyPhoneNumber(ID,phoneNumber) VALUES (100,'+353897426420');

INSERT INTO companyPhoneNumber(ID,phoneNumber) VALUES (101,'+88024789278');
INSERT INTO companyPhoneNumber(ID,phoneNumber) VALUES (101,'+35324789278');
INSERT INTO companyPhoneNumber(ID,phoneNumber) VALUES (101,'+01524789278');

INSERT INTO companyPhoneNumber(ID,phoneNumber) VALUES (102,'+88024719278');
INSERT INTO companyPhoneNumber(ID,phoneNumber) VALUES (102,'+35324789276');
INSERT INTO companyPhoneNumber(ID,phoneNumber) VALUES (102,'+01524789271');

INSERT INTO companyPhoneNumber(ID,phoneNumber) VALUES (103,'+88024119278');
INSERT INTO companyPhoneNumber(ID,phoneNumber) VALUES (103,'+35324709278');
INSERT INTO companyPhoneNumber(ID,phoneNumber) VALUES (103,'+1824789270');
INSERT INTO companyPhoneNumber(ID,phoneNumber) VALUES (103,'+01524009278');

INSERT INTO companyPhoneNumber(ID,phoneNumber) VALUES (104,'+88024789270');
INSERT INTO companyPhoneNumber(ID,phoneNumber) VALUES (104,'+521024789052');
INSERT INTO companyPhoneNumber(ID,phoneNumber) VALUES (104,'+01524789208');

INSERT INTO companyPhoneNumber(ID,phoneNumber) VALUES (105,'+88024389270');
INSERT INTO companyPhoneNumber(ID,phoneNumber) VALUES (105,'+35394789270');
INSERT INTO companyPhoneNumber(ID,phoneNumber) VALUES (105,'+1824780270');

INSERT INTO companyPhoneNumber(ID,phoneNumber) VALUES (107,'+88024389240');
INSERT INTO companyPhoneNumber(ID,phoneNumber) VALUES (107,'+8802438921');

INSERT INTO companyPhoneNumber(ID,phoneNumber) VALUES (110,'+88024389242');
INSERT INTO companyPhoneNumber(ID,phoneNumber) VALUES (110,'+88024389243');


INSERT INTO companyMail(ID_company,mail) VALUES (100,'asustekuk@asus.com');
INSERT INTO companyMail(ID_company,mail) VALUES (100,'asustekus@asus.com');
INSERT INTO companyMail(ID_company,mail) VALUES (100,'asustekglobal@asus.com');
INSERT INTO companyMail(ID_company,mail) VALUES (101,'msiglobal@msi.com');
INSERT INTO companyMail(ID_company,mail) VALUES (102,'gigabyteusa@gmail.com');
INSERT INTO companyMail(ID_company,mail) VALUES (104,'amdusa@amd.com');
INSERT INTO companyMail(ID_company,mail) VALUES (104,'amdglobal@amd.com');
INSERT INTO companyMail(ID_company,mail) VALUES (102,'gigabyteglobal@gmail.com');
INSERT INTO companyMail(ID_company,mail) VALUES (103,'intelbest@intel.com');
INSERT INTO companyMail(ID_company,mail) VALUES (105,'marvelCU@gmail.com');
INSERT INTO companyMail(ID_company,mail) VALUES (106,'bmwgerman@bmw.com');
INSERT INTO companyMail(ID_company,mail) VALUES (106,'bmwglobal@bmw.com');
INSERT INTO companyMail(ID_company,mail) VALUES (107,'tigertIT@gmail.com');
INSERT INTO companyMail(ID_company,mail) VALUES (110,'braincraft@yahoo.com');
INSERT INTO companyMail(ID_company,mail) VALUES (111,'null@null.com');


INSERT INTO work (ID,Name) VALUES (201,'Ast. Manager');
INSERT INTO work (ID,Name) VALUES (202,'Sr. Software Engineer');
INSERT INTO work (ID,Name) VALUES (203,'Jr. Software Engineer');
INSERT INTO work (ID,Name) VALUES (204,'Project Manager');
INSERT INTO work (ID,Name) VALUES (205,'System Analyst');
INSERT INTO work (ID,Name) VALUES (206,'Trainee Engineer');
INSERT INTO work (ID,Name) VALUES (207,'Fabrication Designer');
INSERT INTO work (ID,Name) VALUES (208,'System Engineer');
INSERT INTO work (ID,Name) VALUES (209,'Managing Director');
INSERT INTO work (ID,Name) VALUES (210,'CAD designer');
INSERT INTO work (ID,Name) VALUES (211,'Automobile designer');
INSERT INTO work (ID,Name) VALUES (212,'Web Designer');
INSERT INTO work (ID,Name) VALUES (213,'APP Developer');
INSERT INTO work (ID,Name) VALUES (214,'Quality Engineer');
INSERT INTO work (ID,Name) VALUES (215,'Internship');


INSERT INTO companyWork (ID_work,ID_company) VALUES (201,100);
INSERT INTO companyWork (ID_work,ID_company) VALUES (202,100);
INSERT INTO companyWork (ID_work,ID_company) VALUES (203,100);
INSERT INTO companyWork (ID_work,ID_company) VALUES (209,100);

INSERT INTO companyWork (ID_work,ID_company) VALUES (201,101);
INSERT INTO companyWork (ID_work,ID_company) VALUES (202,101);
INSERT INTO companyWork (ID_work,ID_company) VALUES (204,101);
INSERT INTO companyWork (ID_work,ID_company) VALUES (209,101);

INSERT INTO companyWork (ID_work,ID_company) VALUES (202,102);
INSERT INTO companyWork (ID_work,ID_company) VALUES (205,102);
INSERT INTO companyWork (ID_work,ID_company) VALUES (209,102);
INSERT INTO companyWork (ID_work,ID_company) VALUES (214,102);

INSERT INTO companyWork (ID_work,ID_company) VALUES (201,103);
INSERT INTO companyWork (ID_work,ID_company) VALUES (202,103);
INSERT INTO companyWork (ID_work,ID_company) VALUES (203,103);
INSERT INTO companyWork (ID_work,ID_company) VALUES (204,103);
INSERT INTO companyWork (ID_work,ID_company) VALUES (205,103);
INSERT INTO companyWork (ID_work,ID_company) VALUES (206,103);
INSERT INTO companyWork (ID_work,ID_company) VALUES (207,103);
INSERT INTO companyWork (ID_work,ID_company) VALUES (209,103);

INSERT INTO companyWork (ID_work,ID_company) VALUES (202,104);
INSERT INTO companyWork (ID_work,ID_company) VALUES (203,104);
INSERT INTO companyWork (ID_work,ID_company) VALUES (204,104);

INSERT INTO companyWork (ID_work,ID_company) VALUES (202,105);
INSERT INTO companyWork (ID_work,ID_company) VALUES (203,105);
INSERT INTO companyWork (ID_work,ID_company) VALUES (207,105);

INSERT INTO companyWork (ID_work,ID_company) VALUES (210,106);
INSERT INTO companyWork (ID_work,ID_company) VALUES (211,106);
INSERT INTO companyWork (ID_work,ID_company) VALUES (214,106);
INSERT INTO companyWork (ID_work,ID_company) VALUES (209,106);

INSERT INTO companyWork (ID_work,ID_company) VALUES (212,107);
INSERT INTO companyWork (ID_work,ID_company) VALUES (213,107);

INSERT INTO companyWork (ID_work,ID_company) VALUES (204,110);
INSERT INTO companyWork (ID_work,ID_company) VALUES (210,110);


INSERT INTO peopleWorkExpertise (ID_work,ID_peopleInfo) VALUES (212,01);
INSERT INTO peopleWorkExpertise (ID_work,ID_peopleInfo) VALUES (213,01);
INSERT INTO peopleWorkExpertise (ID_work,ID_peopleInfo) VALUES (201,02);
INSERT INTO peopleWorkExpertise (ID_work,ID_peopleInfo) VALUES (212,02);
INSERT INTO peopleWorkExpertise (ID_work,ID_peopleInfo) VALUES (202,03);
INSERT INTO peopleWorkExpertise (ID_work,ID_peopleInfo) VALUES (203,04);
INSERT INTO peopleWorkExpertise (ID_work,ID_peopleInfo) VALUES (204,05);
INSERT INTO peopleWorkExpertise (ID_work,ID_peopleInfo) VALUES (206,07);
INSERT INTO peopleWorkExpertise (ID_work,ID_peopleInfo) VALUES (207,08);
INSERT INTO peopleWorkExpertise (ID_work,ID_peopleInfo) VALUES (208,09);
INSERT INTO peopleWorkExpertise (ID_work,ID_peopleInfo) VALUES (209,07);
INSERT INTO peopleWorkExpertise (ID_work,ID_peopleInfo) VALUES (210,04);
INSERT INTO peopleWorkExpertise (ID_work,ID_peopleInfo) VALUES (215,06);
INSERT INTO peopleWorkExpertise (ID_work,ID_peopleInfo) VALUES (206,06);


